Datetime,Water Level (m)
2025-03-13 18:00:00,-0.08596057
2025-03-13 19:00:00,-0.10931098
2025-03-13 20:00:00,-0.12152299
2025-03-13 21:00:00,0.01740928
2025-03-13 22:00:00,0.24865042
2025-03-13 23:00:00,0.39078504
2025-03-14 00:00:00,0.4561205
2025-03-14 01:00:00,0.4899197
2025-03-14 02:00:00,0.45163846
2025-03-14 03:00:00,0.32524976
2025-03-14 04:00:00,0.17177287
2025-03-14 05:00:00,0.08617942
2025-03-14 06:00:00,0.046870094
2025-03-14 07:00:00,0.009581674
2025-03-14 08:00:00,-0.027841767
2025-03-14 09:00:00,-0.049839176
2025-03-14 10:00:00,0.15701453
2025-03-14 11:00:00,0.3844526
2025-03-14 12:00:00,0.505198
2025-03-14 13:00:00,0.531439
2025-03-14 14:00:00,0.5094742
2025-03-14 15:00:00,0.37343276
2025-03-14 16:00:00,0.20282145
2025-03-14 17:00:00,0.10397177
2025-03-14 18:00:00,0.068059705
2025-03-14 19:00:00,0.030554822
2025-03-14 20:00:00,-0.0075256284
2025-03-14 21:00:00,-0.036795836
2025-03-14 22:00:00,0.12134194
2025-03-14 23:00:00,0.36662996
2025-03-15 00:00:00,0.5166679
2025-03-15 01:00:00,0.56100494
2025-03-15 02:00:00,0.5517074
2025-03-15 03:00:00,0.43062806
2025-03-15 04:00:00,0.25095823
2025-03-15 05:00:00,0.13751115
2025-03-15 06:00:00,0.0964896
2025-03-15 07:00:00,0.05970131
2025-03-15 08:00:00,0.022094758
2025-03-15 09:00:00,-0.017454464
2025-03-15 10:00:00,0.029684149
2025-03-15 11:00:00,0.30599594
2025-03-15 12:00:00,0.48672915
2025-03-15 13:00:00,0.5582738
2025-03-15 14:00:00,0.56138223
2025-03-15 15:00:00,0.47692862
2025-03-15 16:00:00,0.29821023
2025-03-15 17:00:00,0.15982643
2025-03-15 18:00:00,0.10481353
2025-03-15 19:00:00,0.06931067
2025-03-15 20:00:00,0.029593742
2025-03-15 21:00:00,-0.011072712
2025-03-15 22:00:00,0.014199031
2025-03-15 23:00:00,0.2746669
2025-03-16 00:00:00,0.4660086
2025-03-16 01:00:00,0.55685556
2025-03-16 02:00:00,0.56720096
2025-03-16 03:00:00,0.49161732
2025-03-16 04:00:00,0.31237593
2025-03-16 05:00:00,0.17078118
2025-03-16 06:00:00,0.11644983
2025-03-16 07:00:00,0.08261834
2025-03-16 08:00:00,0.044383124
2025-03-16 09:00:00,0.0034802088
2025-03-16 10:00:00,-0.016020395
2025-03-16 11:00:00,0.20307283
2025-03-16 12:00:00,0.42725155
2025-03-16 13:00:00,0.5505359
2025-03-16 14:00:00,0.57997066
2025-03-16 15:00:00,0.55195504
2025-03-16 16:00:00,0.40766963
2025-03-16 17:00:00,0.23765834
2025-03-16 18:00:00,0.1452239
2025-03-16 19:00:00,0.10817812
2025-03-16 20:00:00,0.06812679
2025-03-16 21:00:00,0.026390236
2025-03-16 22:00:00,0.0020553332
2025-03-16 23:00:00,0.17571025
2025-03-17 00:00:00,0.40428838
2025-03-17 01:00:00,0.54453164
2025-03-17 02:00:00,0.57643896
2025-03-17 03:00:00,0.54905033
2025-03-17 04:00:00,0.4069595
2025-03-17 05:00:00,0.23340203
2025-03-17 06:00:00,0.14662182
2025-03-17 07:00:00,0.111115
2025-03-17 08:00:00,0.07381648
2025-03-17 09:00:00,0.034560755
2025-03-17 10:00:00,-0.00017638737
2025-03-17 11:00:00,0.12442956
2025-03-17 12:00:00,0.3860217
2025-03-17 13:00:00,0.5444192
2025-03-17 14:00:00,0.5955271
2025-03-17 15:00:00,0.6047798
2025-03-17 16:00:00,0.5121299
2025-03-17 17:00:00,0.34278315
2025-03-17 18:00:00,0.20838758
2025-03-17 19:00:00,0.15392554
2025-03-17 20:00:00,0.11519453
2025-03-17 21:00:00,0.07459043
2025-03-17 22:00:00,0.034743566
2025-03-17 23:00:00,0.07958411
2025-03-18 00:00:00,0.3239216
2025-03-18 01:00:00,0.5003183
2025-03-18 02:00:00,0.57359684
2025-03-18 03:00:00,0.56879044
2025-03-18 04:00:00,0.47800356
2025-03-18 05:00:00,0.29730272
2025-03-18 06:00:00,0.17470632
2025-03-18 07:00:00,0.12718242
2025-03-18 08:00:00,0.091920115
2025-03-18 09:00:00,0.059033997
2025-03-18 10:00:00,0.027237624
2025-03-18 11:00:00,0.052930802
2025-03-18 12:00:00,0.30662084
2025-03-18 13:00:00,0.48180002
2025-03-18 14:00:00,0.56710964
2025-03-18 15:00:00,0.5947963
2025-03-18 16:00:00,0.5552397
2025-03-18 17:00:00,0.41904315
2025-03-18 18:00:00,0.26803678
2025-03-18 19:00:00,0.19143654
2025-03-18 20:00:00,0.15189517
2025-03-18 21:00:00,0.106929146
2025-03-18 22:00:00,0.063460164
2025-03-18 23:00:00,0.041763917
2025-03-19 00:00:00,0.21103972
2025-03-19 01:00:00,0.4199094
2025-03-19 02:00:00,0.54570645
2025-03-19 03:00:00,0.56462234
2025-03-19 04:00:00,0.5133565
2025-03-19 05:00:00,0.35346466
2025-03-19 06:00:00,0.19790548
2025-03-19 07:00:00,0.1317758
2025-03-19 08:00:00,0.098679654
2025-03-19 09:00:00,0.066279724
2025-03-19 10:00:00,0.027411595
2025-03-19 11:00:00,-0.006312203
2025-03-19 12:00:00,0.10670472
2025-03-19 13:00:00,0.33447903
2025-03-19 14:00:00,0.48878622
2025-03-19 15:00:00,0.54926914
2025-03-19 16:00:00,0.55522525
2025-03-19 17:00:00,0.4715165
2025-03-19 18:00:00,0.31052455
